{
    "astro-ph": {
        "precision": 0.7391304347826086,
        "recall": 0.7816091954022989,
        "f1-score": 0.7597765363128491,
        "support": 87.0
    },
    "cond-mat": {
        "precision": 0.48717948717948717,
        "recall": 0.41304347826086957,
        "f1-score": 0.4470588235294118,
        "support": 46.0
    },
    "cs": {
        "precision": 0.0,
        "recall": 0.0,
        "f1-score": 0.0,
        "support": 5.0
    },
    "math": {
        "precision": 0.6041666666666666,
        "recall": 0.6744186046511628,
        "f1-score": 0.6373626373626373,
        "support": 43.0
    },
    "physics": {
        "precision": 0.17647058823529413,
        "recall": 0.15789473684210525,
        "f1-score": 0.16666666666666666,
        "support": 19.0
    },
    "accuracy": 0.595,
    "macro avg": {
        "precision": 0.4013894353728113,
        "recall": 0.4053932030312873,
        "f1-score": 0.402172932774313,
        "support": 200.0
    },
    "weighted avg": {
        "precision": 0.5802335603974031,
        "recall": 0.595,
        "f1-score": 0.5861926230741544,
        "support": 200.0
    }
}