{
    "astro-ph": {
        "precision": 0.8021978021978022,
        "recall": 0.8390804597701149,
        "f1-score": 0.8202247191011236,
        "support": 87.0
    },
    "cond-mat": {
        "precision": 0.6808510638297872,
        "recall": 0.6956521739130435,
        "f1-score": 0.6881720430107527,
        "support": 46.0
    },
    "cs": {
        "precision": 0.0,
        "recall": 0.0,
        "f1-score": 0.0,
        "support": 5.0
    },
    "math": {
        "precision": 0.8421052631578947,
        "recall": 0.7441860465116279,
        "f1-score": 0.7901234567901234,
        "support": 43.0
    },
    "physics": {
        "precision": 0.2857142857142857,
        "recall": 0.3157894736842105,
        "f1-score": 0.3,
        "support": 19.0
    },
    "accuracy": 0.715,
    "macro avg": {
        "precision": 0.5221736829799539,
        "recall": 0.5189416307757994,
        "f1-score": 0.5197040437803999,
        "support": 200.0
    },
    "weighted avg": {
        "precision": 0.7137472773586994,
        "recall": 0.715,
        "f1-score": 0.7134538659113383,
        "support": 200.0
    }
}