{
    "astro-ph": {
        "precision": 0.7666666666666667,
        "recall": 0.7931034482758621,
        "f1-score": 0.7796610169491526,
        "support": 87.0
    },
    "cond-mat": {
        "precision": 0.5283018867924528,
        "recall": 0.6086956521739131,
        "f1-score": 0.5656565656565656,
        "support": 46.0
    },
    "cs": {
        "precision": 0.0,
        "recall": 0.0,
        "f1-score": 0.0,
        "support": 5.0
    },
    "math": {
        "precision": 0.717948717948718,
        "recall": 0.6511627906976745,
        "f1-score": 0.6829268292682927,
        "support": 43.0
    },
    "physics": {
        "precision": 0.13333333333333333,
        "recall": 0.10526315789473684,
        "f1-score": 0.11764705882352941,
        "support": 19.0
    },
    "accuracy": 0.635,
    "macro avg": {
        "precision": 0.4292501209482341,
        "recall": 0.43164500980843734,
        "f1-score": 0.42917829413950803,
        "support": 200.0
    },
    "weighted avg": {
        "precision": 0.6220350749879052,
        "recall": 0.635,
        "f1-score": 0.6272592913548097,
        "support": 200.0
    }
}