{
    "astro-ph": {
        "precision": 0.6752136752136753,
        "recall": 0.9080459770114943,
        "f1-score": 0.7745098039215687,
        "support": 87.0
    },
    "cond-mat": {
        "precision": 0.6666666666666666,
        "recall": 0.08695652173913043,
        "f1-score": 0.15384615384615385,
        "support": 46.0
    },
    "cs": {
        "precision": 0.0,
        "recall": 0.0,
        "f1-score": 0.0,
        "support": 5.0
    },
    "math": {
        "precision": 0.5194805194805194,
        "recall": 0.9302325581395349,
        "f1-score": 0.6666666666666666,
        "support": 43.0
    },
    "physics": {
        "precision": 0.0,
        "recall": 0.0,
        "f1-score": 0.0,
        "support": 19.0
    },
    "accuracy": 0.615,
    "macro avg": {
        "precision": 0.3722721722721723,
        "recall": 0.3850470113780319,
        "f1-score": 0.31900452488687786,
        "support": 200.0
    },
    "weighted avg": {
        "precision": 0.5587395937395937,
        "recall": 0.615,
        "f1-score": 0.5156297134238311,
        "support": 200.0
    }
}