{
    "astro-ph": {
        "precision": 0.7605633802816901,
        "recall": 0.6206896551724138,
        "f1-score": 0.6835443037974683,
        "support": 87.0
    },
    "cond-mat": {
        "precision": 0.3880597014925373,
        "recall": 0.5652173913043478,
        "f1-score": 0.46017699115044247,
        "support": 46.0
    },
    "cs": {
        "precision": 0.0,
        "recall": 0.0,
        "f1-score": 0.0,
        "support": 5.0
    },
    "math": {
        "precision": 0.5161290322580645,
        "recall": 0.7441860465116279,
        "f1-score": 0.6095238095238096,
        "support": 43.0
    },
    "physics": {
        "precision": 0.0,
        "recall": 0.0,
        "f1-score": 0.0,
        "support": 19.0
    },
    "accuracy": 0.56,
    "macro avg": {
        "precision": 0.3329504228064584,
        "recall": 0.3860186185976779,
        "f1-score": 0.3506490208943441,
        "support": 200.0
    },
    "weighted avg": {
        "precision": 0.5310665437013027,
        "recall": 0.56,
        "f1-score": 0.5342300991641196,
        "support": 200.0
    }
}