{
    "astro-ph": {
        "precision": 0.7798165137614679,
        "recall": 0.9770114942528736,
        "f1-score": 0.8673469387755102,
        "support": 87.0
    },
    "cond-mat": {
        "precision": 0.8076923076923077,
        "recall": 0.9130434782608695,
        "f1-score": 0.8571428571428571,
        "support": 46.0
    },
    "cs": {
        "precision": 0.0,
        "recall": 0.0,
        "f1-score": 0.0,
        "support": 5.0
    },
    "math": {
        "precision": 0.9444444444444444,
        "recall": 0.7906976744186046,
        "f1-score": 0.8607594936708861,
        "support": 43.0
    },
    "physics": {
        "precision": 0.6666666666666666,
        "recall": 0.10526315789473684,
        "f1-score": 0.18181818181818182,
        "support": 19.0
    },
    "accuracy": 0.815,
    "macro avg": {
        "precision": 0.6397239865129773,
        "recall": 0.5572031609654169,
        "f1-score": 0.553413494281487,
        "support": 200.0
    },
    "weighted avg": {
        "precision": 0.7913783031443582,
        "recall": 0.815,
        "f1-score": 0.776774793922172,
        "support": 200.0
    }
}