{
    "astro-ph": {
        "precision": 0.87,
        "recall": 1.0,
        "f1-score": 0.93048128342246,
        "support": 87.0
    },
    "cond-mat": {
        "precision": 0.8958333333333334,
        "recall": 0.9347826086956522,
        "f1-score": 0.9148936170212766,
        "support": 46.0
    },
    "cs": {
        "precision": 1.0,
        "recall": 0.2,
        "f1-score": 0.3333333333333333,
        "support": 5.0
    },
    "math": {
        "precision": 0.9302325581395349,
        "recall": 0.9302325581395349,
        "f1-score": 0.9302325581395349,
        "support": 43.0
    },
    "physics": {
        "precision": 0.875,
        "recall": 0.3684210526315789,
        "f1-score": 0.5185185185185185,
        "support": 19.0
    },
    "accuracy": 0.89,
    "macro avg": {
        "precision": 0.9142131782945736,
        "recall": 0.6866872438933532,
        "f1-score": 0.7254918620870247,
        "support": 200.0
    },
    "weighted avg": {
        "precision": 0.8926166666666667,
        "recall": 0.89,
        "f1-score": 0.8727774827962562,
        "support": 200.0
    }
}