{
    "astro-ph": {
        "precision": 0.7909090909090909,
        "recall": 1.0,
        "f1-score": 0.883248730964467,
        "support": 87.0
    },
    "cond-mat": {
        "precision": 0.8913043478260869,
        "recall": 0.8913043478260869,
        "f1-score": 0.8913043478260869,
        "support": 46.0
    },
    "cs": {
        "precision": 0.0,
        "recall": 0.0,
        "f1-score": 0.0,
        "support": 5.0
    },
    "math": {
        "precision": 0.9487179487179487,
        "recall": 0.8604651162790697,
        "f1-score": 0.9024390243902439,
        "support": 43.0
    },
    "physics": {
        "precision": 1.0,
        "recall": 0.2631578947368421,
        "f1-score": 0.4166666666666667,
        "support": 19.0
    },
    "accuracy": 0.85,
    "macro avg": {
        "precision": 0.7261862774906254,
        "recall": 0.6029854717683997,
        "f1-score": 0.6187317539694929,
        "support": 200.0
    },
    "weighted avg": {
        "precision": 0.8480198135198136,
        "recall": 0.85,
        "f1-score": 0.8228209215467789,
        "support": 200.0
    }
}