{
    "astro-ph": {
        "precision": 0.9878048780487805,
        "recall": 0.9310344827586207,
        "f1-score": 0.9585798816568047,
        "support": 87.0
    },
    "cond-mat": {
        "precision": 0.8958333333333334,
        "recall": 0.9347826086956522,
        "f1-score": 0.9148936170212766,
        "support": 46.0
    },
    "cs": {
        "precision": 1.0,
        "recall": 0.2,
        "f1-score": 0.3333333333333333,
        "support": 5.0
    },
    "math": {
        "precision": 0.8936170212765957,
        "recall": 0.9767441860465116,
        "f1-score": 0.9333333333333333,
        "support": 43.0
    },
    "physics": {
        "precision": 0.5,
        "recall": 0.5789473684210527,
        "f1-score": 0.5365853658536586,
        "support": 19.0
    },
    "accuracy": 0.89,
    "macro avg": {
        "precision": 0.8554510465317419,
        "recall": 0.7243017291843674,
        "f1-score": 0.7353451062396814,
        "support": 200.0
    },
    "weighted avg": {
        "precision": 0.9003644481923543,
        "recall": 0.89,
        "f1-score": 0.8873833901917013,
        "support": 200.0
    }
}