{
    "astro-ph": {
        "precision": 0.7767857142857143,
        "recall": 1.0,
        "f1-score": 0.8743718592964824,
        "support": 87.0
    },
    "cond-mat": {
        "precision": 0.8863636363636364,
        "recall": 0.8478260869565217,
        "f1-score": 0.8666666666666667,
        "support": 46.0
    },
    "cs": {
        "precision": 0.0,
        "recall": 0.0,
        "f1-score": 0.0,
        "support": 5.0
    },
    "math": {
        "precision": 0.9459459459459459,
        "recall": 0.813953488372093,
        "f1-score": 0.875,
        "support": 43.0
    },
    "physics": {
        "precision": 0.7142857142857143,
        "recall": 0.2631578947368421,
        "f1-score": 0.38461538461538464,
        "support": 19.0
    },
    "accuracy": 0.83,
    "macro avg": {
        "precision": 0.6646762021762023,
        "recall": 0.5849874940130914,
        "f1-score": 0.6001307821157067,
        "support": 200.0
    },
    "weighted avg": {
        "precision": 0.8130009433134434,
        "recall": 0.83,
        "f1-score": 0.8043485536657649,
        "support": 200.0
    }
}